season,our_corr,our_mae,our_rmse,baseline_corr,baseline_mae,n_test
20242025,0.27104538376562626,0.9700989703997663,1.2235197664782163,0.2713290247380614,1.23388341226263,220
20252026,0.2623430353148576,1.134553882987279,1.4599293561856885,0.19221543897825302,1.4018738351372488,233
